<?xml version="1.0" encoding="UTF-8"?>
<!DOCTYPE mapper PUBLIC "-//mybatis.org//DTD Mapper 3.0//EN" "http://mybatis.org/dtd/mybatis-3-mapper.dtd">

<mapper namespace="com.bookchigo.dao.mybatis.mapper.MemberMapper">
	<insert id="insertMember" parameterType="com.bookchigo.domain.Member">
		<selectKey keyProperty="memberId" resultType="int" order="BEFORE">
			SELECT MEMBER_SEQ.NEXTVAL
			FROM DUAL
		</selectKey>

		Insert Into
		Member
		(MEMBERID, ACCOUNT, ID, PASSWD, NAME, PHONE, ADDRESS, TRADECOUNT, ISDELETED)
		VALUES
		(#{memberId}, #{account}, #{id}, #{password}, #{name}, #{phone}, #{address}, 0, 'N')
	</insert>

	<select id="getPassword" parameterType="String" resultType="String">
		Select PASSWD
			FROM Member
			WHERE
				id = #{username} AND ISDELETED != 'Y'
  	</select>

	<select id="getAccount" parameterType="String" resultType="String">
		Select ACCOUNT
			FROM Member
			WHERE
				id = #{username}
	  </select>

	<select id="getMemberId" parameterType="String" resultType="String">
		Select MEMBERID
			FROM Member
			WHERE
				id = #{username}
	</select>

	<select id="getMemberInfo" parameterType="Integer" resultType="com.bookchigo.domain.Member">
		Select MEMBERID, TRADECOUNT, NAME, PHONE, ADDRESS, ID, ACCOUNT
			FROM Member
			WHERE
				MEMBERID = #{memberId}
	</select>

	<update id="deleteMember" parameterType="Integer">
		UPDATE Member
			SET ISDELETED = 'Y'
			WHERE
				MEMBERID = #{memberId}
	</update>
</mapper>