<?xml version="1.0" encoding="UTF-8"?>
<beans xmlns="http://www.springframework.org/schema/beans" 
	xmlns:xsi="http://www.w3.org/2001/XMLSchema-instance"
	xmlns:mvc="http://www.springframework.org/schema/mvc" 
	xmlns:context="http://www.springframework.org/schema/context"
	xsi:schemaLocation="http://www.springframework.org/schema/beans
       	http://www.springframework.org/schema/beans/spring-beans.xsd
       	http://www.springframework.org/schema/context
       	http://www.springframework.org/schema/context/spring-context.xsd
       	http://www.springframework.org/schema/mvc 				
		http://www.springframework.org/schema/mvc/spring-mvc.xsd">

    <context:component-scan base-package="com.bookchigo.*" />

    <mvc:annotation-driven />
    
    <mvc:view-controller path="/sell/uploadForm.do" view-name="sell/sell_upload"/>

	<bean class="org.springframework.web.servlet.view.InternalResourceViewResolver">
	        <property name="prefix" value="/WEB-INF/view/"/>
	        <property name="suffix" value=".jsp"/>
	</bean>
	
	<mvc:resources mapping="/resources/**" location="/resources/" />
	<mvc:resources mapping="/style/**" location="/style/" />
	<mvc:resources mapping="/images/**" location="/images/" />
	<mvc:resources mapping="/js/**" location="/js/" />
	
	<bean id="multipartResolver"
				class="org.springframework.web.multipart.commons.CommonsMultipartResolver">
		<property name="maxUploadSize" value="10000000" />
		<property name="defaultEncoding" value="UTF-8" />
	</bean>

	<!--  파일업로드 디렉토리 설정 -->
	<bean id="uploadPath" class="java.lang.String">
		<constructor-arg value="/view/images" />
	</bean>


</beans>
